569342750,animefan_cat16
569342750,animefreaknerdz
569342750,animegolden
569342750,animekanin
569342750,animezene
569342750,animiceatspig
569342750,animu2
569342750,aniqeee
569342750,anisaswag
569342750,anisoptera77
569342750,aniszurf
569342750,anitrain303
569342750,anixiae
569342750,anjalay
569342750,anjashalo
569342750,anjaymabar123412
569342750,anjela02
569342750,anka_skakankaka
569342750,ankster_
569342750,anlhq
569342750,anlixastra
569342750,anmayl
569342750,ann4roqu3
569342750,ann_aperitif
569342750,anna007sh
569342750,anna4223
569342750,anna80x5
569342750,anna__2882
569342750,anna_at
569342750,anna_banana_28
569342750,anna_cecilia_
569342750,anna_contre_
569342750,anna_jane_
569342750,anna_l4ura
569342750,anna_lynn1420
569342750,anna_mckxnna
569342750,anna_raa
569342750,anna_t24
569342750,anna_v4mp
569342750,annaaa55
569342750,annaask_04
569342750,annabananaaxx
569342750,annabananafana
569342750,annabean853
569342750,annabeann
569342750,annabel0273
569342750,annabie_
569342750,annacoolkid
569342750,annadaniella
569342750,annadeitrick27
569342750,annagrohp1
569342750,annagryga_
569342750,annahigarcia
569342750,annaisdehyrdated
569342750,annaisntlive
569342750,annaispogchampp
569342750,annakatea
569342750,annakn0wles
569342750,annalieser
569342750,annalololll
569342750,annalouise__
569342750,annalyssac_07
569342750,annamaula
569342750,annananat
569342750,annanevertalks
569342750,annanna__
569342750,annathatsm
569342750,annathealienn
569342750,annawasfound13
569342750,annawasntfound
569342750,annaxokate
569342750,anne_0404
569342750,anne_e22
569342750,anne_rain
569342750,annearlert
569342750,annefinityuwu
569342750,anneke____
569342750,annemarix
569342750,annepic
569342750,annetteofc
569342750,anneviiii
569342750,annfeigned
569342750,anni_1407
569342750,anni_drew
569342750,annicachoi
569342750,annie_m_
569342750,anniebunn
569342750,anniee7
569342750,annieeok
569342750,annieexv
569342750,anniemybeloved
569342750,anniepor
569342750,annijaaa14
569342750,annika_seavey
569342750,annikawasfound_
569342750,annilabs
569342750,annilitealt
569342750,annisa1337
569342750,annlino
569342750,annnnggiiee
569342750,annouko_hehe
569342750,annoying_sunni
569342750,annoyingiirl
569342750,annthea_
569342750,annundso
569342750,annx13_
569342750,annxqy
569342750,anoellie
569342750,anokhiroy
569342750,anomaly_em
569342750,anon_bomb
569342750,anon_insomnia
569342750,anon_lol_
569342750,anongoingcry
569342750,anonimusema
569342750,anony9903
569342750,anonymous404_
569342750,anonymous_804
569342750,anonymousasteroid
569342750,anonymousflowers
569342750,anooence
569342750,anoposssum
569342750,anotherbraincell
569342750,anotherskyee
569342750,anoukblrd
569342750,anoukiey
569342750,anoverratedartist
569342750,anovi97
569342750,anp_22
569342750,anqe1ina
569342750,anriaza
569342750,ansatzun
569342750,anskkii
569342750,ansl3y
569342750,ant1socialzay
569342750,ant246135
569342750,ant_tickler
569342750,antare_pink
569342750,antaria
569342750,antaries07
569342750,antariies
569342750,anteyata
569342750,antfrost
569342750,antheris_
569342750,anticinnamon
569342750,anticlover_
569342750,antilions
569342750,antiphilex
569342750,antique_banana_fan
569342750,antiquriian_
569342750,antisocialgamerlive
569342750,antithorn
569342750,antixsocial_133
569342750,antmaster_3321
569342750,antmettle
569342750,antoniaelg
569342750,antoniahdz_
569342750,antoniaokay
569342750,antonias1402
569342750,antoo_75
569342750,antsiiss
569342750,antsinjelly
569342750,anttea1
569342750,anuhx
569342750,anuluna11
569342750,anxas_prvt
569342750,anxgirl03
569342750,anxhyyyy
569342750,anxieturt
569342750,anxietyboba
569342750,anxietyexpress_
569342750,anxious__coconut
569342750,anxious_lemon_
569342750,anxious_racc00n
569342750,anxiousrealism
569342750,anxiousval
569342750,anxisrc_chara
569342750,anyahojsak
569342750,anyaiguess
569342750,anyawongs
569342750,anycarers
569342750,anythingmay
569342750,anywayswhat
569342750,ao_skyzi
569342750,aoithebunny
569342750,aonixty
569342750,aoora
569342750,aorcute
569342750,apersonnamedjd
569342750,apexgirl_94
569342750,aph_eats_bugs
569342750,aphaiaa
569342750,aphelium__
569342750,aphhrodiite
569342750,aphroditemb
569342750,aphvlio
569342750,apinkbee
569342750,apiwtd
569342750,apk06
569342750,aplam127
569342750,apmhirrhox
569342750,apollo_xoxo
569342750,apolloislester
569342750,apollomoonlive
569342750,apple2168
569342750,apple__s
569342750,apple_pi0513
569342750,applecone_
569342750,applejeecee
569342750,applejuicee3
569342750,applemallow
569342750,applepi15_
569342750,applepie505
569342750,applepie721
569342750,applepieee05
569342750,applepiemuffins
569342750,applepigeye
569342750,applepinekoma
569342750,applesareants2
569342750,applesmichel
569342750,applesyoranges
569342750,applpi_vina
569342750,applrrrr
569342750,appopai
569342750,appricott4
569342750,apricotdraws
569342750,april728
569342750,aprildgaf
569342750,aprililly
569342750,aprilwatchesstuff
569342750,aqeeladania09
569342750,aqira_qira
569342750,aqology
569342750,aqqlepiee
569342750,aquabib_
569342750,aquabiez
569342750,aquamxxrine
569342750,aquarius_1309
569342750,aquaticd0g
569342750,aquaticmoonn
569342750,aquifleur
569342750,aqvaomxrine
569342750,aqvliah
569342750,ar1ana06
569342750,ara_baby
569342750,arabellacrofts
569342750,aracelie389
569342750,aracelymcpanda
569342750,arachnace
569342750,aracule_
569342750,aral140
569342750,aramathine
569342750,aranxa__
569342750,arapaima_blue
569342750,araven4
569342750,arbusby
569342750,arcadiaave
569342750,arcadiella
569342750,arcaneepicyon
569342750,arcanefighter123
569342750,arch_adlight27
569342750,archerie_
569342750,archius1
569342750,arclyii_
569342750,arco_12
569342750,arcticcarno
569342750,arcticpoison
569342750,arcticxwolves
569342750,arcyanee
569342750,ardenthemuse
569342750,ardneleh
569342750,are_u_reddie
569342750,areamimadi
569342750,areem_
569342750,areevw
569342750,areinlle
569342750,arelent
569342750,aresea_
569342750,areyouserious34
569342750,arghdoescrime
569342750,ari1chu
569342750,ari5x
569342750,ari_512
569342750,ari_files
569342750,ari_h2323
569342750,ari_hi3130
569342750,ari_lia
569342750,ari_love87877
569342750,ari_reject
569342750,aria0550
569342750,aria141312
569342750,aria__23
569342750,aria_sta
569342750,ariaannna
569342750,ariaano
569342750,ariadafox
569342750,arialev
569342750,ariana23yee
569342750,ariana_mitchell
569342750,arianaa_tso
569342750,arianaajones
569342750,arianagrande027
569342750,arianamontenegro1
569342750,arianasboo
569342750,arianna_ahhhh
569342750,ariannaa28
569342750,ariannacastellon
569342750,ariannagraz
569342750,ariannarodri
569342750,ariaseen
569342750,ariaxxne
569342750,aribeker
569342750,arie_hallow
569342750,ariel_mybeauty
569342750,arielistotallynotmyname
569342750,arielizel
569342750,arielleeeeeeeeee
569342750,arielneedsalife
569342750,arielsw_
569342750,arielthemermaid13433
569342750,arielvictoriaa
569342750,aries110
569342750,aries_bb
569342750,ariescraft08
569342750,ariethepleb
569342750,ariii_6
569342750,ariisb0red
569342750,arimorenos
569342750,arinasabina
569342750,arinnotfound_
569342750,ariopointment
569342750,arisalt_
569342750,arisbelreyes__
569342750,arisbethh
569342750,arisoccer12
569342750,aristona_
569342750,ariust
569342750,arivou
569342750,arixeru
569342750,ariyesnoi
569342750,arkhan_grimly
569342750,arkin505
569342750,arkiww
569342750,arlee7322
569342750,arleia101
569342750,arlene_neoma
569342750,arlene_slytherpuff
569342750,arlenecarpina
569342750,arlinix
569342750,armareyaw
569342750,armincult
569342750,armlesslizard
569342750,armonika9
569342750,army3774
569342750,arnasio
569342750,aroa_speaks
569342750,aroberts_242
569342750,arogue_sith14
569342750,aromantic_pickle
569342750,aromanticbee
569342750,aroushanif
569342750,arqxa
569342750,arrigoniamelia
569342750,arrowntic
569342750,ars0n404
569342750,arshansaidur
569342750,arson_3828
569342750,arson_ala
569342750,arson_ghost_live
569342750,arson_husband
569342750,arson_o_clock
569342750,arson_tbh
569342750,arsonattheorphanage
569342750,arsonay
569342750,arsonbeez
569342750,arsonistrat
569342750,arsonmarss
569342750,art_angels2
569342750,art_anime_hayleexox
569342750,art_orion
569342750,artama_karta
569342750,artbunny13
569342750,artcmiis_
569342750,artdeiona
569342750,artdejamie
569342750,artemiria
569342750,artemis_hehe
569342750,artemisneomenia
569342750,artic_plum
569342750,artisticchild02
569342750,artistyray
569342750,artnidniddin
569342750,artomisslive
569342750,artrixave
569342750,arts_anime
569342750,artschoolwannabe_
569342750,artsybanana6
569342750,arttoanimation
569342750,artyraven
569342750,artystarlight
569342750,artytunes
569342750,aruel_cb
569342750,aruxchu
569342750,ary1901
569342750,arya_karpe
569342750,aryaa_2063
569342750,aryannarose
569342750,arycrybaby
569342750,arynala
569342750,arytosy
569342750,aryzeen
569342750,as5o0o5sa
569342750,asahichu_
569342750,asaltbh
569342750,asaltyrose
569342750,asapbrihaha
569342750,ase_trash00
569342750,aseapollo
569342750,asexualbean
569342750,asfshania
569342750,ash17_o4
569342750,ash6652
569342750,ash_0714_
569342750,ash__boo
569342750,ash_cervidae
569342750,ash_leaf17
569342750,ash_lovestea12
569342750,ash_s3925
569342750,ash_t00
569342750,ash_tea_18
569342750,asha1812
569342750,ashabutler
569342750,ashakeyy
569342750,asharm_
569342750,ashbutterr
569342750,ashecat_232
569342750,asheflower
569342750,asheiii_
569342750,asheliegh
569342750,ashely420
569342750,ashelyisdumb
569342750,asheo0_
569342750,asher_0166
569342750,ashercol3
569342750,ashey_kat
569342750,ashgodahhhh
569342750,ashhaly
569342750,ashiesberry
569342750,ashii143
569342750,ashimoon
569342750,ashio44
569342750,ashish0rny
569342750,ashisokay_
569342750,ashkatye
569342750,ashkiki
569342750,ashkpink
569342750,ashl189
569342750,ashl33wastaken_
569342750,ashleighevans4
569342750,ashleighmcnamara
569342750,ashleistp
569342750,ashlesfromfire
569342750,ashley37_
569342750,ashley_17u
569342750,ashley_aris
569342750,ashley_ish
569342750,ashley_jt
569342750,ashley_kim
569342750,ashley_linguine
569342750,ashley_pineda
569342750,ashley_yumz
569342750,ashleyarat
569342750,ashleybbys
569342750,ashleybejar
569342750,ashleyexists
569342750,ashleyinntit
569342750,ashleylu0306
569342750,ashleymei546
569342750,ashleymybelovedlol
569342750,ashleypissed
569342750,ashleysugden
569342750,ashleyswagggg
569342750,ashleywashaunted
569342750,ashleyymoree
569342750,ashleyyrg
569342750,ashlita_ama
569342750,ashlmaoo_xh
569342750,ashmmoney
569342750,ashmz
569342750,ashnighttime
569342750,asho000
569342750,ashotofgin
569342750,asht0n_arts
569342750,asht0n_m1dn1ght
569342750,ashteria_
569342750,ashtonaholic
569342750,ashtqray
569342750,ashtralive
569342750,ashtrinx
569342750,ashtyn_sab
569342750,ashuallyn
569342750,ashval19
569342750,ashweexd
569342750,asianesesoupe
569342750,asiduoss
569342750,asimpforu
569342750,askanforever
569342750,asleepingphantom
569342750,asmita_bhusal
569342750,asmolyeti
569342750,asnaluth
569342750,asoerialive
569342750,aspen044
569342750,aspen258
569342750,aspen_08_
569342750,aspenmo0n
569342750,aspiringhotmilf
569342750,asrt1id
569342750,asstrolive
569342750,assyla_alyssaaaa
569342750,astaramo
569342750,aster_louisse
569342750,asteriismo
569342750,asterislite
569342750,asterlie_
569342750,asterlyx
569342750,asters_away
569342750,astixe
569342750,astnogar
569342750,astrafox32
569342750,astrangeghostkid
569342750,astrayys
569342750,astreiavy
569342750,astrelluh
569342750,astrid_clausen
569342750,astridbj
569342750,astridhedemann
569342750,astrifex
569342750,astriiu
569342750,astrix_gaming_
569342750,astro_nomi
569342750,astrobunyy
569342750,astrocist
569342750,astrohoeworld
569342750,astrohwii
569342750,astrolinee
569342750,astrolynx_
569342750,astronatt_
569342750,astronokia
569342750,astrorosiie
569342750,astrozoe5
569342750,asuikz
569342750,asullock
569342750,asupersadghost
569342750,asurion_xx
569342750,asusraider
569342750,aswid
569342750,asyr4f17
569342750,asythe_
569342750,at_nat
569342750,ata1ius
569342750,atarixia
569342750,ataterpotato
569342750,atdeathfrog
569342750,aten
569342750,atfantazy
569342750,athaliah_
569342750,atheistchildlol
569342750,athelium1
569342750,athena1312
569342750,athena_16_
569342750,athena_thebadassgoddess
569342750,athenaashdown
569342750,athenahulley
569342750,athenaluvr
569342750,athenasas
569342750,athendeer
569342750,athens_69
569342750,atheyuh
569342750,athrhea
569342750,atiyyyy_
569342750,atlanticazure
569342750,atlaskaaa
569342750,atlasthegh0st
569342750,atley_d7
569342750,atlopus123
569342750,atnguyen161120
569342750,atolglassofwater
569342750,atom1c_bomb
569342750,atomic_no_83
569342750,atomicwizz
569342750,atomlitu
569342750,atris555555
569342750,atticus47
569342750,atticus_ly
569342750,atuasbathwater
569342750,atuesday3
569342750,atwentysomethingloser
569342750,atypicalaly
569342750,atypicalneo
569342750,aubreelmao
569342750,aubreexe
569342750,aubrey00
569342750,aubrey_hope
569342750,aubreyane
569342750,aubreybrooke
569342750,aubreylmaooo
569342750,aubreynoelle
569342750,aubreysim77
569342750,aubs_t
569342750,aubz32
569342750,audime_games
569342750,audraplants
569342750,audrasaurus
569342750,audree56
569342750,audregoe
569342750,audrey_krick
569342750,audreybenedict
569342750,audreylysann
569342750,audreym123
569342750,audreyoffline
569342750,audreypoglol
569342750,audreyvbr
569342750,audreyy728
569342750,audreyyeet
569342750,audrithine_
569342750,audshawott
569342750,audy43
569342750,aufowa
569342750,auftline
569342750,augbust
569342750,auguslatorre
569342750,auhleeshaa
569342750,auhthentic
569342750,aukkuwu
569342750,aundru
569342750,aunfriendlypotato
569342750,auo_camille
569342750,aur0ra_o7
569342750,aura_arson
569342750,aura_jpeg
569342750,aurademon1127
569342750,auraxxlol
569342750,aure123j
569342750,aureliamarc
569342750,aurelxaaa
569342750,auro00x
569342750,aurocent
569342750,aurora_s_n
569342750,aurorabees
569342750,aurorasha
569342750,aurorastfu
569342750,auskra510
569342750,aussie_roadkill
569342750,aussieashlee
569342750,austeja012
569342750,austenislost
569342750,austin_dior
569342750,austinmooon
569342750,aut0fr0g
569342750,auto_3clipse
569342750,autopilot_117
569342750,autrowcollector
569342750,autumn_owo
569342750,autumn_xdagua123x
569342750,autumnglass_
569342750,autumnheartt
569342750,autumnk28
569342750,autumnpumpkinpie
569342750,autumnscoot
569342750,autumnwall
569342750,auxolotl
569342750,auxsyc
569342750,auxtunmnn
569342750,auzzyurdxddy
569342750,ava2509
569342750,ava_824
569342750,ava__07
569342750,ava_chai
569342750,ava_ellen
569342750,ava_hhhh
569342750,ava_poels
569342750,ava_shammas
569342750,ava_yikes
569342750,avaaf__
569342750,avacadooowo
569342750,avacerber1
569342750,avadeel21
569342750,avaiscool503
569342750,avajacobsss
569342750,avalovesnature1
569342750,avamae1610
569342750,avani_ks
569342750,avanibean
569342750,avanichagorn
569342750,avarateunits
569342750,avari_i
569342750,avarosemusic
569342750,avatar_paul
569342750,avatxt
569342750,avazzx
569342750,avdav102
569342750,avdreiiq
569342750,avdreys
569342750,avee07
569342750,avellain
569342750,avelvetaa
569342750,aven_the_worm
569342750,averageclam
569342750,averi__m
569342750,avery10250
569342750,avery__a
569342750,avery_marie7
569342750,avery_rose1242
569342750,averyaries
569342750,averyarson
569342750,averyee17
569342750,averyjf
569342750,averymac13
569342750,averymcfeaters
569342750,averynotfound13
569342750,averyw29
569342750,averyxxphrog
569342750,avi_clouds
569342750,aviankid
569342750,aviavo
569342750,avidnovatic
569342750,avie_77
569342750,aviethesimp
569342750,aviizolmike
569342750,aviizu
569342750,aviorvague
569342750,aviqvs
569342750,avisisutopia
569342750,avo_cadoes
569342750,avocadogerms
569342750,avocadokikker
569342750,avocadomia
569342750,avocadorable_notfound
569342750,avocaron
569342750,avontaar
569342750,avranity
569342750,avryisme
569342750,avvmy
569342750,avylei
569342750,avysia_
569342750,awabzuhair16
569342750,aweitsang
569342750,awesomdodger1
569342750,awesomegirl24_7
569342750,awesomeisme12
569342750,awfulfrog
569342750,awfullyallie
569342750,awhhxlissaa
569342750,awhlimbo
569342750,awhtily
569342750,awilson_35
569342750,awimal
569342750,awizoyt
569342750,awktwo
569342750,awkward_cocoa
569342750,awkward_one_out
569342750,awkwardcivet
569342750,awkwardly1nhaze
569342750,awmiwastaken
569342750,awood000
569342750,awoofjk
569342750,awoogapi
569342750,awsomepuglife4dayz
569342750,awwleks
569342750,awxbear
569342750,axar7084
569342750,axdreymolina
569342750,axdreytheweirdo
569342750,axe_pal
569342750,axekai
569342750,axelafv
569342750,axofrostxaxolotl2021
569342750,axolotl_kisses
569342750,axolotlbread
569342750,ay__tkanice
569342750,ay_yolayla
569342750,aya_kuzuma
569342750,ayagil
569342750,ayahwastaken
569342750,ayaidkk
569342750,ayam_ee
569342750,ayaooisayshi
569342750,ayawaddles
569342750,ayawaren
569342750,ayben02
569342750,aydindril788
569342750,aye_ember
569342750,aye_itsash
569342750,ayebro_hey
569342750,ayeeenika
569342750,ayeitzlindsey
569342750,ayesabea
569342750,ayesha_yana
569342750,ayeshaaq_
569342750,ayetypical
569342750,ayeupitsrosie
569342750,ayl1nnn
569342750,aylahuffman_
569342750,aylenfalls
569342750,aylin_gm01
569342750,aylin_mk
569342750,aylinee21
569342750,aylssya
569342750,aylsyy7
569342750,aymey__
569342750,aynahush
569342750,ayo__alyssaa
569342750,ayo_amelieee
569342750,ayoitsalexis
569342750,ayoitsjeli
569342750,ayoitsmebella
569342750,ayojaxs
569342750,ayooomaya
569342750,ayosylvia
569342750,ayramichell
569342750,ayrixalt
569342750,ayscl
569342750,ayu129
569342750,ayumicourse
569342750,ayumitoshiyuki
569342750,ayup_12346
569342750,ayupkris
569342750,ayushi8090
569342750,ayushimo
569342750,ayvahgonzalez
569342750,ayxumi
569342750,az_360
569342750,azalea_murillo
569342750,azallium
569342750,azellev
569342750,azkareta
569342750,azslya
569342750,azteczay
569342750,aztilbee
569342750,aztrin
569342750,azu0426
569342750,azueli
569342750,azufrisky
569342750,azukaaaaaaaaaa
569342750,azul_bored
569342750,azura_is_a_muggle
569342750,azureangel64
569342750,azurediamond51
569342750,azuure_c
569342750,azxulg
569342750,azzyhhhh
569342750,b0dilx
569342750,b0nnief00t
569342750,b1ue_ghost
569342750,b1ynkie
569342750,b33s_kn33s
569342750,b34n5_
569342750,b3rrybliss
569342750,b3shersxx
569342750,b3zbarwna
569342750,b4art1st
569342750,b4i1ey_
569342750,b4ksu_
569342750,b4mbuz
569342750,b4rkbark
569342750,b9byfang
569342750,b_ec015
569342750,b_ellaa_
569342750,b_rose_2006
569342750,baabiiiiiii
569342750,baarinku
569342750,babashab
569342750,babasillyy
569342750,babayqaukes09
569342750,babbyariana
569342750,babenotfound12
